group,names,scores,logfoldchanges,pvals,pvals_adj
0,RNA5SP479,63.60993,-2.1736743,0.0,0.0
0,RP11-96O20.4,63.57623,-1.0203723,0.0,0.0
0,RP11-378E13.4,63.57582,-1.6131148,0.0,0.0
0,CELSR1,63.575764,-1.9269007,0.0,0.0
0,STAR,63.57543,-1.8436393,0.0,0.0
0,AC087380.14,63.574757,-1.5585093,0.0,0.0
0,AC009095.4,63.574028,-1.6982005,0.0,0.0
0,PACSIN1,63.572132,-1.5851145,0.0,0.0
0,RN7SL9P,63.571,-0.2218448,0.0,0.0
0,CA5A,63.569927,-1.4490309,0.0,0.0
0,RP11-277I20.2,63.567696,-1.3105508,0.0,0.0
0,AC019097.7,63.56761,-1.2447906,0.0,0.0
0,KCTD19,63.567566,-2.2524092,0.0,0.0
0,MIR148B,63.565945,-1.2143703,0.0,0.0
0,SGSM1,63.564457,-1.1934669,0.0,0.0
0,ABLIM3,63.563675,-1.5952123,0.0,0.0
0,CYCSP1,63.56359,-1.5896053,0.0,0.0
0,RP11-863K10.2,63.561794,-1.1783868,0.0,0.0
0,RP11-302K17.3,63.560448,-1.481816,0.0,0.0
0,CTD-2545H1.2,63.559616,-0.82378024,0.0,0.0
0,SOX9-AS1,63.559322,-1.9389975,0.0,0.0
0,CALN1,63.555,-0.000314652,0.0,0.0
0,TTC21B-AS1,63.55387,-1.1002276,0.0,0.0
0,RP11-107I14.4,63.55303,-1.315889,0.0,0.0
0,AF131216.6,63.55276,-1.9689692,0.0,0.0
0,RP1-85F18.5,63.552677,-0.9164528,0.0,0.0
0,CFHR1,63.551407,-2.8623264,0.0,0.0
0,RP11-365H22.2,63.55125,-0.14633912,0.0,0.0
0,NRP2,63.551147,-1.4230503,0.0,0.0
0,CTC-484M2.1,63.5506,-1.028593,0.0,0.0
0,FMO3,63.54778,-0.5504282,0.0,0.0
0,PAX3,63.546906,-1.0341499,0.0,0.0
0,HCG4P11,63.540257,-1.2507933,0.0,0.0
0,CTD-2291D10.1,63.539738,-1.3222002,0.0,0.0
0,LINC00514,63.538517,-1.7858222,0.0,0.0
0,RP5-1092A3.5,63.53835,-0.60874057,0.0,0.0
0,LINC01031,63.537132,-1.380195,0.0,0.0
0,SOX13,63.53633,-1.5656625,0.0,0.0
0,RP5-1112F19.2,63.535717,-1.2749904,0.0,0.0
0,PPP4R4,63.53193,-1.1037093,0.0,0.0
0,CTD-2095E4.1,63.530495,-1.0620221,0.0,0.0
0,SPDYE1,63.52764,-0.75860673,0.0,0.0
0,FBLL1,63.526768,-1.7312603,0.0,0.0
0,CTD-2013N17.4,63.526127,-0.46234843,0.0,0.0
0,C1orf227,63.52557,-0.41969454,0.0,0.0
0,RP11-651P23.5,63.524727,-0.8468375,0.0,0.0
0,RP11-573G6.8,63.522068,-0.1814144,0.0,0.0
0,RP11-481A12.2,63.519394,-1.7742318,0.0,0.0
0,GS1-600G8.5,63.51647,-1.5910492,0.0,0.0
0,TREML5P,63.51429,-1.2438735,0.0,0.0
0,TOMM20L,63.51267,-0.5501747,0.0,0.0
0,AC104695.3,63.51103,-0.6113197,0.0,0.0
0,Y_RNA_763,63.50809,-1.2312614,0.0,0.0
0,STON2,63.507977,0.17467168,0.0,0.0
0,RPL7P17,63.507458,-1.5515648,0.0,0.0
0,GNG3,63.506874,-0.70487314,0.0,0.0
0,SYN1,63.506733,-0.7427001,0.0,0.0
0,CASP12,63.50542,-1.2895118,0.0,0.0
0,RP11-494M8.4,63.504215,-0.17580113,0.0,0.0
0,BMP6,63.502777,-1.2134745,0.0,0.0
0,RP4-669P10.16,63.49977,-1.1655397,0.0,0.0
0,CES3,63.497204,-1.2490584,0.0,0.0
0,RP11-324E6.9,63.49706,-1.2233468,0.0,0.0
0,MRPS17,63.49239,-0.8583107,0.0,0.0
0,TMOD1,63.49116,-0.9694527,0.0,0.0
0,RP11-111G23.1,63.491096,-1.2631134,0.0,0.0
0,RN7SL245P,63.48918,-1.0122393,0.0,0.0
0,ZNF416,63.484215,-0.14213735,0.0,0.0
0,RP11-34P13.9,63.48414,-1.320838,0.0,0.0
0,NRG2,63.483646,-1.7241824,0.0,0.0
0,LA16c-316G12.2,63.48354,-0.20074031,0.0,0.0
0,OSTF1P1,63.483517,-0.6250622,0.0,0.0
0,RP11-159F24.2,63.483337,-1.1059309,0.0,0.0
0,DCST1,63.48319,-0.76090425,0.0,0.0
0,RP11-419I17.1,63.479706,-0.97641057,0.0,0.0
0,RP11-644N4.1,63.477913,-0.5202771,0.0,0.0
0,FAM136BP,63.475117,-1.671052,0.0,0.0
0,RP11-20B24.4,63.47422,-0.9428396,0.0,0.0
0,BACH2,63.47333,-0.043048833,0.0,0.0
0,SUMO1P1,63.47279,-1.4326657,0.0,0.0
0,RPEP5,63.469975,-1.204458,0.0,0.0
0,PA2G4P4,63.467545,-0.9938553,0.0,0.0
0,CTD-3105H18.8,63.463974,-1.1471866,0.0,0.0
0,CTD-2306M5.1,63.463158,-0.4937158,0.0,0.0
0,SRPK3,63.460285,-1.4894768,0.0,0.0
0,PRSS53,63.45742,-0.45369044,0.0,0.0
0,RN7SL540P,63.455597,-0.6987379,0.0,0.0
0,ARHGAP42P5,63.454727,-1.3444862,0.0,0.0
0,RBM8B,63.452065,0.112091,0.0,0.0
0,KSR2,63.444286,-1.7949414,0.0,0.0
0,RPL7P19,63.44367,-2.5396957,0.0,0.0
0,RP11-344N17.8,63.44155,-1.6639775,0.0,0.0
0,RP11-17G12.3,63.43761,-0.83191556,0.0,0.0
0,GABRB1,63.43437,-1.8271877,0.0,0.0
0,RP1-228H13.5,63.431026,-0.19938445,0.0,0.0
0,AL353898.1,63.430157,-1.589255,0.0,0.0
0,CIR1P1,63.42735,-0.14503509,0.0,0.0
0,HEMGN,63.424988,-0.73167175,0.0,0.0
0,XK,63.423145,-0.6608659,0.0,0.0
0,AC138655.6,63.423145,-0.6608659,0.0,0.0
1,B2M,62.524765,,0.0,0.0
1,TXNIP,51.930542,,0.0,0.0
1,IFITM2,48.41515,,0.0,0.0
1,SIGLEC10,48.254772,,0.0,0.0
1,LST1,43.27609,,0.0,0.0
1,SERPINA1,43.177685,,0.0,0.0
1,TMSB4X,40.613773,,0.0,0.0
1,ITM2B,40.36521,,0.0,0.0
1,PTPRC,40.322216,,0.0,0.0
1,HLA-B,40.033882,,0.0,0.0
1,CTSS,37.504276,,7.844568171958411e-308,3.237173121418238e-304
1,CXCR2,37.34025,,3.650433703600264e-305,1.405976709053987e-301
1,AIF1,36.617783,,1.4908703265507576e-293,5.066591257400995e-290
1,SLPI,35.429855,,5.926813588927846e-275,1.8021568498585706e-271
1,FTH1,33.930786,,2.3427516133233303e-252,6.767389447826438e-249
1,FAM129A,33.873302,,1.647570088385619e-251,4.532622224585827e-248
1,ATP5E,33.8098,,1.4157496065374324e-250,3.71782281902214e-247
1,LRRFIP1,31.533989,,2.9726462990487687e-218,7.155778943122688e-215
1,CTSC,31.039808,,1.5659472939591842e-211,3.4795951159193827e-208
1,S100A11,30.756039,,1.0153449618277867e-207,2.1725749807287675e-204
1,JUNB,30.240923,,6.867719782880673e-201,1.239902421926141e-197
1,HLA-A,29.72431,,3.7259583994644395e-194,5.817832286817813e-191
1,MT-RNR1,29.618532,,8.626707554875688e-193,1.3115546725469293e-189
1,PNRC1,29.572489,,3.3754060436800875e-192,5.0001880349110176e-189
1,FPR1,29.517942,,1.694475319928131e-191,2.447373066455198e-188
1,PPT1,28.00807,,1.2957619200293547e-172,1.5595844459553315e-169
1,ACTB,27.598516,,1.1592873499337589e-167,1.2402871864393159e-164
1,HLA-C,27.59187,,1.3930312599721422e-167,1.4632653633158287e-164
1,MNDA,27.557629,,3.585426269441349e-167,3.6989434261506256e-164
1,PI3,27.16363,,1.7478615636469726e-162,1.7115119680775686e-159
1,FCGR2A,26.99248,,1.811058378560826e-160,1.74383792840991e-157
1,FYB,26.904665,,1.9368255312324222e-159,1.8047777647724308e-156
1,FTL,26.767965,,7.629779644923684e-158,6.996750149621842e-155
1,CCR1,26.490597,,1.2438657059447587e-154,1.1228414598366648e-151
1,ZFP36L1,26.322851,,1.0502448073291408e-152,8.922910772621537e-150
1,ZFP36,26.21582,,1.754414553392233e-151,1.4479684570447067e-148
1,TAGLN2,26.095642,,4.0855487226362217e-150,3.32442825849102e-147
1,MT-TC,25.738396,,4.347685032278289e-146,3.394308207700184e-143
1,SMAP2,25.683266,,1.7978938712266752e-145,1.3849296349650495e-142
1,EVI2B,25.395838,,2.803552368558551e-142,1.9996250739349776e-139
1,FCGR3B,25.338161,,1.2136631008186165e-141,8.447826304047462e-139
1,TMEM154,25.109838,,3.883382556637929e-139,2.6708888148171793e-136
1,LAPTM5,25.071745,,1.0114983155844158e-138,6.874975551324524e-136
1,BASP1,24.995876,,6.77837900575132e-138,4.501233221830701e-135
1,SGK1,24.761753,,2.3164828823866466e-135,1.4870018396013746e-132
1,PTMA,24.548357,,4.50325681599833e-133,2.797490925060984e-130
1,EMR2,24.44712,,5.400021106640085e-132,3.28395178309387e-129
1,OAZ1,24.377258,,2.9806952009223164e-131,1.7937885816967186e-128
1,FGL2,24.286242,,2.7399219698783614e-130,1.6152399180181896e-127
1,LYZ,24.129663,,1.2209652782831298e-128,6.984042279430817e-126
1,S100A4,23.708334,,2.9582677840084138e-124,1.5824815248659082e-121
1,COTL1,22.700542,,4.425053425848451e-114,2.1304050964295212e-111
1,LYN,22.575006,,7.629789066751497e-113,3.554804868979308e-110
1,IER2,22.395752,,4.329552269395026e-111,1.985168438569515e-108
1,CD44,22.237818,,1.4798185607433523e-109,6.627407574405092e-107
1,CEBPB,22.179445,,5.424285817450868e-109,2.410594342550685e-106
1,SOD2,22.091042,,3.8541101683820625e-108,1.699721425633106e-105
1,GTSE1,22.062868,,7.187884891509036e-108,3.1222982995274555e-105
1,HNRNPC,21.93629,,1.1706850578193654e-106,5.0099250255850516e-104
1,HIST1H3B,21.929996,,1.3443813350603687e-106,5.66926590295202e-104
1,LCP1,21.864285,,5.685053419001323e-106,2.3800187766374166e-103
1,CDK1,21.697973,,2.1440967394147452e-104,8.91157560620202e-102
1,S100A6,21.662777,,4.606076154068966e-104,1.900763126064474e-101
1,DSC2,21.62052,,1.151724964141536e-103,4.7190500959821954e-101
1,TPX2,21.580647,,2.73025930024081e-103,1.1108117644564248e-100
1,EFHD2,21.567108,,3.658700282948535e-103,1.4781404996278724e-100
1,CCNA2,21.525314,,9.020494450500233e-103,3.6190349020052077e-100
1,ACTR2,21.51461,,1.136312449631958e-102,4.5274606312129044e-100
1,TYROBP,21.49126,,1.8794259893966337e-102,7.436991622288473e-100
1,NUSAP1,21.47767,,2.5182272647741143e-102,9.89697576651666e-100
1,CASC5,21.423098,,8.139347065336169e-102,3.1772601216599087e-99
1,HIST1H1B,21.4143,,9.830866645777559e-102,3.811803078701389e-99
1,ANLN,21.386578,,1.7815888300956613e-101,6.861848765407776e-99
1,ASPM,21.38118,,2.0001273605553916e-101,7.652540264991167e-99
1,ARHGAP11B,21.361002,,3.081312742465309e-101,1.1711623754634757e-98
1,NCAPG,21.330286,,5.944420876028018e-101,2.2446210932729846e-98
1,CLEC4A,21.3114,,8.899347203650934e-101,3.338584324652763e-98
1,KIF11,21.307913,,9.587488811502996e-101,3.5735354264965334e-98
1,HIST1H2AJ,21.23106,,4.933737307643101e-100,1.827159009451698e-97
1,PRC1,21.224976,,5.615469520763909e-100,2.0663854816757537e-97
1,FBXO5,21.200972,,9.354440851513717e-100,3.420469058952544e-97
1,NCF2,21.183924,,1.3435945367028845e-99,4.881980325090299e-97
1,CKS1B,21.160929,,2.1887052057695393e-99,7.903004115807725e-97
1,PAPSS1,21.12345,,4.8426928752474825e-99,1.7377446924327503e-96
1,C21orf58,21.0784,,1.2555946639364338e-98,4.477745093802444e-96
1,MKI67,21.004324,,5.988004014448081e-98,2.1094204629677377e-95
1,RRM2,20.994545,,7.356498017214564e-98,2.575799757263861e-95
1,DLGAP5,20.988907,,8.282729168615212e-98,2.8826392304723293e-95
1,SH3BGRL3,20.958595,,1.5664024358585714e-97,5.4189082590932485e-95
1,HMMR,20.947437,,1.980005253368361e-97,6.808978779931567e-95
1,CKAP2L,20.944971,,2.0852725370242004e-97,7.12854735393486e-95
1,SMC2,20.917465,,3.713295426022701e-97,1.261930686162409e-94
1,BIRC5,20.901907,,5.144724209942739e-97,1.7381646302983734e-94
1,HIST1H2AL,20.845444,,1.676463665734629e-96,5.566341112671651e-94
1,TMPO,20.834476,,2.108034266115203e-96,6.95928363750135e-94
1,HIST1H2AM,20.831512,,2.242664384408076e-96,7.36167326593226e-94
1,STMN1,20.817776,,2.9873302696679304e-96,9.750679755340414e-94
1,KIF23,20.815811,,3.112329667328643e-96,1.0101607970257173e-93
1,KIF15,20.812843,,3.311099783044354e-96,1.0686713283006787e-93
1,KIF14,20.798454,,4.469810311269737e-96,1.434635283961036e-93
2,S100A9,36.75648,,9.160115887938971e-296,2.646036875969491e-291
2,S100A8,30.744915,,1.4299708804270605e-207,2.7537902558304194e-203
2,CTD-2325P2.3,29.721859,-0.7812849,4.0077416571880587e-194,5.611766741288978e-191
2,snoU13_209,29.709774,-2.644772,5.741699705103939e-194,5.611766741288978e-191
2,DOC2A,29.70926,-1.2965026,5.830203879097763e-194,5.611766741288978e-191
2,ANO7P1,29.708944,-0.8145491,5.885136401756096e-194,5.611766741288978e-191
2,HIGD1AP1,29.696035,-0.711761,8.639462264912481e-194,5.611766741288978e-191
2,E2F5,29.694662,-0.35498032,8.99911273831438e-194,5.611766741288978e-191
2,PITX1,29.68447,0.032571476,1.2183781722347053e-193,5.611766741288978e-191
2,Y_RNA_581,29.683939,,1.2377093659107176e-193,5.611766741288978e-191
2,Y_RNA_295,29.683939,,1.2377093659107176e-193,5.611766741288978e-191
2,RP11-190P13.1,29.683939,,1.2377093659107176e-193,5.611766741288978e-191
2,RN7SL187P,29.68355,,1.2521217265330323e-193,5.611766741288978e-191
2,RP11-3D4.2,29.68355,,1.2521217265330323e-193,5.611766741288978e-191
2,XXbac-BPG170G13.32,29.68355,,1.2521217265330323e-193,5.611766741288978e-191
2,AC022816.2,29.68355,,1.2521217265330323e-193,5.611766741288978e-191
2,RP11-24J23.2,29.683395,-0.799388,1.2578706383455275e-193,5.611766741288978e-191
2,MIR933,29.683306,,1.261227584376463e-193,5.611766741288978e-191
2,RPL21P131,29.68306,-1.2875794,1.2705053993973507e-193,5.611766741288978e-191
2,RP11-309L24.4,29.682137,,1.3057996992142485e-193,5.611766741288978e-191
2,AC067940.1,29.682137,,1.3057996992142485e-193,5.611766741288978e-191
2,RN7SKP55,29.682137,,1.3057996992142485e-193,5.611766741288978e-191
2,MACROD2,29.681112,,1.3462151801172027e-193,5.611766741288978e-191
2,RP11-849F2.9,29.680662,-0.32561222,1.364330200011829e-193,5.611766741288978e-191
2,NACAP2,29.680302,,1.37900885010571e-193,5.611766741288978e-191
2,CTC-303L1.1,29.680302,,1.37900885010571e-193,5.611766741288978e-191
2,PNOC,29.680302,,1.37900885010571e-193,5.611766741288978e-191
2,SUGT1P,29.679598,,1.4081373110531336e-193,5.611766741288978e-191
2,CTC-360G5.9,29.678432,-1.8535918,1.4577735443130884e-193,5.611766741288978e-191
2,RP5-849H19.2,29.677896,-2.3138998,1.4811449901145317e-193,5.611766741288978e-191
2,MAST4-IT1,29.677113,,1.516084966307802e-193,5.611766741288978e-191
2,AC138783.12,29.677113,,1.516084966307802e-193,5.611766741288978e-191
2,CRIP1_2,29.677113,,1.516084966307802e-193,5.611766741288978e-191
2,AC016700.2,29.677107,0.06678181,1.5163374760333451e-193,5.611766741288978e-191
2,RPL7AP11,29.676807,-2.3369558,1.529908168491472e-193,5.611766741288978e-191
2,RP11-415I12.3,29.676807,-2.3369558,1.529908168491472e-193,5.611766741288978e-191
2,FAM66D,29.676807,-2.3369558,1.529908168491472e-193,5.611766741288978e-191
2,RP11-1K3.1,29.676807,-2.3369558,1.529908168491472e-193,5.611766741288978e-191
2,Y_RNA_470,29.676807,-2.3369558,1.529908168491472e-193,5.611766741288978e-191
2,RP4-631H13.4,29.676807,-2.3369558,1.529908168491472e-193,5.611766741288978e-191
2,GCNT3,29.676807,-2.3369558,1.529908168491472e-193,5.611766741288978e-191
2,RP11-713M15.2,29.676807,-2.3369558,1.529908168491472e-193,5.611766741288978e-191
2,CACNA1C-AS2,29.676807,-2.3369558,1.529908168491472e-193,5.611766741288978e-191
2,RP11-389O22.4,29.676807,-2.3369558,1.529908168491472e-193,5.611766741288978e-191
2,RPL21P127,29.676807,-2.3369558,1.529908168491472e-193,5.611766741288978e-191
2,RP11-1094M14.5,29.676807,-2.3369558,1.529908168491472e-193,5.611766741288978e-191
2,AC073957.15,29.676807,-2.3369558,1.529908168491472e-193,5.611766741288978e-191
2,AC068137.13,29.676807,-2.3369558,1.529908168491472e-193,5.611766741288978e-191
2,PAICSP6,29.676807,-2.3369558,1.529908168491472e-193,5.611766741288978e-191
2,RP11-445O3.3,29.676807,-2.3369558,1.529908168491472e-193,5.611766741288978e-191
2,FTH1P22,29.676807,-2.3369558,1.529908168491472e-193,5.611766741288978e-191
2,TRGV4,29.676807,-2.3369558,1.529908168491472e-193,5.611766741288978e-191
2,ZNF365,29.676807,-2.3369558,1.529908168491472e-193,5.611766741288978e-191
2,RP11-142L1.1,29.676565,,1.5409033395017962e-193,5.611766741288978e-191
2,MARS2,29.675943,-3.516891,1.5696524581702342e-193,5.611766741288978e-191
2,RP11-498D10.8,29.674583,-1.0350025,1.6343377235692516e-193,5.611766741288978e-191
2,AL512625.1,29.67429,-0.45755532,1.648688661898494e-193,5.611766741288978e-191
2,OSGEPL1-AS1,29.673569,-1.4696971,1.684347614081459e-193,5.611766741288978e-191
2,RP11-49O14.3,29.673508,-1.8041747,1.687435693713777e-193,5.611766741288978e-191
2,SGCB,29.673288,0.09439459,1.6984299796979202e-193,5.611766741288978e-191
2,RP11-138H8.7,29.672977,-0.39297938,1.714199168206037e-193,5.611766741288978e-191
2,OR2A7,29.672646,-2.730969,1.7312673435798245e-193,5.611766741288978e-191
2,GATSL2,29.672176,-0.4771139,1.755506812202727e-193,5.611766741288978e-191
2,AC005682.8,29.67184,,1.773133428259226e-193,5.611766741288978e-191
2,CAMK4,29.671745,-0.9448298,1.7781596995423636e-193,5.611766741288978e-191
2,IRS1,29.671375,-0.24238062,1.7978087068193636e-193,5.611766741288978e-191
2,RP11-392E22.5,29.670773,-1.8672005,1.830278148347232e-193,5.611766741288978e-191
2,RP11-134K13.4,29.670637,-1.1945287,1.8376067523359413e-193,5.611766741288978e-191
2,DDX11-AS1,29.670176,-5.4596305,1.8630231093043963e-193,5.611766741288978e-191
2,HMGN2P4,29.670073,,1.8687705620276877e-193,5.611766741288978e-191
2,LMO3,29.670015,,1.8718846638825836e-193,5.611766741288978e-191
2,DNAH3,29.670015,,1.8718846638825836e-193,5.611766741288978e-191
2,AC069277.2,29.670015,,1.8718846638825836e-193,5.611766741288978e-191
2,AC138623.1,29.669401,-3.229724,1.9063250883432215e-193,5.611766741288978e-191
2,SOCS5P4,29.669153,-0.65781754,1.9205016483682748e-193,5.611766741288978e-191
2,RPS26P43,29.668839,-4.1062613,1.9384915511989355e-193,5.611766741288978e-191
2,RP11-159A18.1,29.668276,,1.971200151465113e-193,5.611766741288978e-191
2,RP11-460I13.6,29.668276,,1.971200151465113e-193,5.611766741288978e-191
2,MRM1,29.667828,,1.997547317987018e-193,5.611766741288978e-191
2,RP11-567I13.1,29.667458,,2.0197017387554907e-193,5.611766741288978e-191
2,RAB9B,29.667458,,2.0197017387554907e-193,5.611766741288978e-191
2,CSF3,29.667341,,2.0266066648081986e-193,5.611766741288978e-191
2,RP11-552F3.10,29.667118,,2.040147656074933e-193,5.611766741288978e-191
2,RP11-173D9.5,29.667118,,2.040147656074933e-193,5.611766741288978e-191
2,FGFR3,29.667118,,2.040147656074933e-193,5.611766741288978e-191
2,LINC00970,29.667118,,2.040147656074933e-193,5.611766741288978e-191
2,RP11-574K11.28,29.667114,-1.2123533,2.0403174891034134e-193,5.611766741288978e-191
2,STX19,29.667107,-0.4063113,2.040827072924007e-193,5.611766741288978e-191
2,ENPP5,29.666857,-2.7747731,2.0560026933339326e-193,5.611766741288978e-191
2,RP11-18H21.1,29.666857,-2.7747731,2.0560026933339326e-193,5.611766741288978e-191
2,TLE2,29.666857,-2.7747731,2.0560026933339326e-193,5.611766741288978e-191
2,PDCD1,29.666857,-2.7747731,2.0560026933339326e-193,5.611766741288978e-191
2,RP5-916O11.1,29.666857,-2.7747731,2.0560026933339326e-193,5.611766741288978e-191
2,RP11-214O14.1,29.666857,-2.7747731,2.0560026933339326e-193,5.611766741288978e-191
2,RPL34P26,29.666857,-2.7747731,2.0560026933339326e-193,5.611766741288978e-191
2,HOXB2,29.666857,-2.7747731,2.0560026933339326e-193,5.611766741288978e-191
2,TSHR,29.666857,-2.7747731,2.0560026933339326e-193,5.611766741288978e-191
2,RPS2P2,29.666857,-2.7747731,2.0560026933339326e-193,5.611766741288978e-191
2,CAPN5,29.666857,-2.7747731,2.0560026933339326e-193,5.611766741288978e-191
2,RNU6-834P,29.666857,-2.7747731,2.0560026933339326e-193,5.611766741288978e-191
3,SRGN,24.379318,,2.834553517461044e-131,2.729344339404615e-127
3,ZFP36L1,24.250376,,6.5520564340164364e-130,5.407599376606165e-126
3,FOS,24.118843,,1.5858173304678158e-128,1.1452178079139641e-124
3,BTG1,22.709467,,3.611950323439006e-114,1.738943383633681e-110
3,RGS2,22.642532,,1.6527387354620215e-113,7.344898074142105e-110
3,SMCHD1,22.125713,,1.7879071570171572e-108,6.455797511397014e-105
3,B2M,21.652767,,5.723937919970995e-104,1.9452297967675544e-100
3,DUSP1,21.206253,,8.361289607194704e-100,2.5424041288234717e-96
3,EVI2B,20.936579,,2.486918653759245e-97,6.530761426528766e-94
3,HLA-C,20.610777,,2.1967443625291233e-94,4.8812504637075017e-91
3,FCGR3B,20.542322,,9.014752168707266e-94,1.795894058768017e-90
3,CXCR2,20.087708,,9.452710396846024e-90,1.5603183935913869e-86
3,TXNIP,19.884434,,5.550523150394454e-88,8.666766863992941e-85
3,CTSS,19.775372,,4.85246239551685e-87,7.188238717338333e-84
3,MME,19.548561,,4.2431626852930187e-85,5.979030190669112e-82
3,ITM2B,18.365995,,2.459013783451419e-75,2.4923614616024357e-72
3,HLA-A,18.030052,,1.1318522047097883e-72,1.0217265222296656e-69
3,BTG2,17.811554,,5.749069210824609e-71,4.884426110543678e-68
3,JUND,17.758598,,1.4787919697642043e-70,1.186586784294269e-67
3,CEBPB,17.579971,,3.5075016087438285e-69,2.471205980999478e-66
3,FGL2,17.199594,,2.6740023132014635e-66,1.626159322532507e-63
3,LRRK2,16.984549,,1.0687403210669993e-64,5.664617850367317e-62
3,RP11-6I2.3,16.971382,,1.3374775451297599e-64,7.024553655889238e-62
3,DSC2,16.955044,,1.766279298896418e-64,9.193085940102951e-62
3,SDCBP,16.927185,,2.8362322209336537e-64,1.4373477552631576e-61
3,SLC8A1,16.894066,,4.975256904221334e-64,2.4994392793702532e-61
3,HAVCR2,16.839182,,1.2596527993719299e-63,6.273613894665044e-61
3,NOTCH2NL,16.754622,,5.23937867428069e-63,2.4609319036521817e-60
3,FTL,16.747763,,5.879656456684451e-63,2.739398326387345e-60
3,NFKBIE,16.681961,,1.772989361022645e-62,8.06542632711506e-60
3,GPRIN3,16.607191,,6.182169903380379e-62,2.665391804686527e-59
3,SH3PXD2B,16.569607,,1.1557976477577495e-61,4.9098454046991515e-59
3,LINC00954,16.515001,,2.8615511196423722e-61,1.1979738611239043e-58
3,CYP17A1-AS1,16.446459,,8.891684198948668e-61,3.669280508756153e-58
3,ACCS,16.401218,,1.8744053702741907e-60,7.417124757318549e-58
3,RAF1,16.393639,,2.12345576741737e-60,8.289081760202955e-58
3,ADAP2,16.376127,,2.8321313232630283e-60,1.0764521245978614e-57
3,RPGR,16.374338,,2.916630807177059e-60,1.1013236053793478e-57
3,TG,16.315493,,7.658704018591457e-60,2.836322482474899e-57
3,RP11-74C1.4,16.31367,-1.6095297,7.890652934468851e-60,2.9036095030768723e-57
3,TPK1,16.286324,,1.2342931937420603e-59,4.484831489437739e-57
3,PLEKHH2,16.28343,-1.8619331,1.2940740726993908e-59,4.6726588376288694e-57
3,HOXA5,16.27889,-1.8397338,1.3937167330118723e-59,4.970320791129315e-57
3,RP11-178G16.4,16.275728,,1.4676222973838701e-59,5.201775643359406e-57
3,APOBEC3A,16.271183,,1.580722300090906e-59,5.568479844094629e-57
3,RP11-272L13.4,16.250498,-4.3608847,2.2155681352708083e-59,7.688391390253928e-57
3,Y_RNA_170,16.250309,-1.0114367,2.2224245965631107e-59,7.688391390253928e-57
3,RP11-498D10.5,16.248318,-1.803393,2.2957874040742777e-59,7.894912243784717e-57
3,RN7SL801P,16.245947,-1.3438991,2.3863161346930747e-59,8.157671127196628e-57
3,PLEKHD1,16.227728,-2.9707701,3.211303800463678e-59,1.0913332615540475e-56
3,LGALS9C,16.221148,,3.5745082414074377e-59,1.2006399106443716e-56
3,RP11-400K9.1,16.217644,-2.8215337,3.784336768351082e-59,1.263771607618191e-56
3,TPT1P10,16.216545,-0.8853275,3.8526463897765704e-59,1.2791893096354127e-56
3,RPL17P50,16.21416,-2.799645,4.005113666887062e-59,1.3147013174833307e-56
3,TRERF1,16.213102,,4.074707064262715e-59,1.3299889899641232e-56
3,POU5F1,16.211346,-1.219259,4.192889935981748e-59,1.3545152584367729e-56
3,FBXL14,16.211288,-0.6794731,4.19673950219276e-59,1.3545152584367729e-56
3,snoU13_286,16.210438,,4.255307803422649e-59,1.3657883207063147e-56
3,IMPG2,16.20189,-0.9283355,4.88998643698817e-59,1.5464549386489123e-56
3,SPATA6L,16.201784,-0.83985525,4.898503691564415e-59,1.5464549386489123e-56
3,AC108488.4,16.200823,-3.1209855,4.975710111873834e-59,1.5622918494200381e-56
3,RHOQP3,16.199987,-3.9152436,5.043799874364684e-59,1.5751105413063288e-56
3,RP11-6L6.2,16.199186,-1.5230998,5.109813266617478e-59,1.58714646157146e-56
3,LINC01010,16.197565,-1.2725317,5.24640648219604e-59,1.6205218992919194e-56
3,PRSS23,16.195377,-0.96905893,5.436377384297333e-59,1.6617768816032266e-56
3,BACH1-IT1,16.194159,-2.0856872,5.545050194788034e-59,1.6860746573867846e-56
3,RP11-738E22.3,16.19342,-1.2950733,5.612054907342047e-59,1.6886731675097505e-56
3,MT-TE,16.191908,-0.7118763,5.751737172485492e-59,1.7217363298756702e-56
3,ADAM20,16.190882,-1.2067105,5.848380748533815e-59,1.7339730656200646e-56
3,FAHD2CP,16.190838,-1.8629956,5.852643065028865e-59,1.7339730656200646e-56
3,RP11-135A1.2,16.186895,-1.0901037,6.239810572435663e-59,1.8248486129469044e-56
3,RP11-763B22.9,16.186684,-1.4350562,6.261251874128268e-59,1.8248486129469044e-56
3,AC016831.3,16.186445,-1.1471415,6.285719522552645e-59,1.8248486129469044e-56
3,MNDA,16.185493,,6.383646431488444e-59,1.8440120264319092e-56
3,RP11-298O21.2,16.178793,,7.117708741399095e-59,1.9865284401780188e-56
3,RP1-145M24.1,16.177197,-1.0988649,7.304647111220094e-59,2.0221165583991015e-56
3,RBMX2P5,16.176228,-0.9557101,7.4202994051526265e-59,2.0221165583991015e-56
3,MT-TL1,16.176004,,7.447354004723609e-59,2.0221165583991015e-56
3,ANP32A,16.17594,,7.455226956173448e-59,2.0221165583991015e-56
3,COL7A1,16.171755,-0.61439747,7.979349963163013e-59,2.0224856688216234e-56
3,ZNF257,16.170118,-0.69421285,8.194017801141329e-59,2.0224856688216234e-56
3,STT3A-AS1,16.16974,-0.9611443,8.244561471597307e-59,2.0224856688216234e-56
3,PAIP1P1,16.16596,-0.7891204,8.766163633870432e-59,2.0224856688216234e-56
3,VMO1,16.163074,-0.8586469,9.186471625667915e-59,2.0467541238103335e-56
3,DCHS1,16.160604,-0.6858067,9.56181076119815e-59,2.1004353350064664e-56
3,CSAD,16.159576,,9.722846417642235e-59,2.116234111334971e-56
3,RP11-8L8.2,16.158796,-0.59947383,9.846548347546677e-59,2.1226292450851274e-56
3,VMP1,16.156456,,1.0227380212160725e-58,2.126892237209058e-56
3,RP11-217B1.2,16.15432,-0.03723067,1.0588068060023518e-58,2.131374411260414e-56
3,AC079741.2,16.154045,-1.4521059,1.0635345147673712e-58,2.1330503751973076e-56
3,SCARNA14,16.15363,-2.4866884,1.0707157475070001e-58,2.1330503751973076e-56
3,RP11-439E19.1,16.152807,-1.0492798,1.0850962344729598e-58,2.1340471968928027e-56
3,TSSK6,16.15268,-1.0348547,1.087337396454349e-58,2.1340471968928027e-56
3,U6_10,16.152647,-0.8567888,1.0878984071006734e-58,2.1340471968928027e-56
3,RP11-166B2.5,16.15174,-0.6598764,1.1040348824299534e-58,2.1407970947457245e-56
3,ALS2CR12,16.151567,-0.7152134,1.1071193545719924e-58,2.1407970947457245e-56
3,RP11-747H7.1,16.151218,-1.2620163,1.1133923814597441e-58,2.1407970947457245e-56
3,AC092535.3,16.151026,-2.0310884,1.1168955927926588e-58,2.1407970947457245e-56
3,RP11-166P13.4,16.150957,-0.95419747,1.118126930499268e-58,2.1407970947457245e-56
3,RP1-86D1.2,16.150866,-0.5067702,1.1197795685443314e-58,2.1407970947457245e-56
4,MALAT1,47.25844,,0.0,0.0
4,AF131215.3,44.543415,,0.0,0.0
4,RP11-382D8.3,44.49832,-0.8417446,0.0,0.0
4,CTC-308K20.4,44.496094,-0.7947767,0.0,0.0
4,ACTRT3,44.494175,,0.0,0.0
4,RP11-109E24.1,44.493282,-2.8382237,0.0,0.0
4,RP11-379F4.4,44.49003,,0.0,0.0
4,GGTLC3,44.48957,,0.0,0.0
4,AC007556.3,44.48933,-5.27764,0.0,0.0
4,THSD1,44.487045,-2.0160596,0.0,0.0
4,RP11-1127D7.1,44.485634,,0.0,0.0
4,CTA-984G1.5,44.485348,,0.0,0.0
4,RAB11FIP1P1,44.48505,,0.0,0.0
4,RP11-298J23.8,44.482548,-6.263262,0.0,0.0
4,snoR442_2,44.47913,,0.0,0.0
4,RP11-927P21.11,44.473763,,0.0,0.0
4,DEC1,44.473763,,0.0,0.0
4,KLHL30,44.47187,-0.38679442,0.0,0.0
4,MIA,44.471558,0.18212555,0.0,0.0
4,RP1-102K2.8,44.471233,,0.0,0.0
4,DHDH,44.47054,,0.0,0.0
4,GDF3,44.469517,-0.9717928,0.0,0.0
4,HPR,44.46608,-3.3461463,0.0,0.0
4,RPS7P4,44.462738,,0.0,0.0
4,HMGN2P28,44.45296,-0.5132341,0.0,0.0
4,RP11-374C13.1,44.45222,-1.8190491,0.0,0.0
4,HMGB1P10,44.452183,-0.89341277,0.0,0.0
4,RP11-77G22.2,44.450504,,0.0,0.0
4,FAM3C2,44.450363,,0.0,0.0
4,RP11-434O22.1,44.439743,-0.84551525,0.0,0.0
4,PJA1,44.435783,-0.2556428,0.0,0.0
4,HES6,44.435696,-0.6695073,0.0,0.0
4,MEIG1,44.435493,,0.0,0.0
4,NANOGNB,44.434227,-0.9129979,0.0,0.0
4,CIB3,44.432858,-0.1913046,0.0,0.0
4,AC099535.4,44.427216,-0.28207538,0.0,0.0
4,NPM1P39,44.421837,-1.9417707,0.0,0.0
4,AC093110.3,44.42164,,0.0,0.0
4,RNU6-540P,44.420982,-0.7453343,0.0,0.0
4,BTF3P6,44.418674,-0.52879936,0.0,0.0
4,AC017002.2,44.413776,-0.8794539,0.0,0.0
4,SNORD8,44.411182,-3.2259111,0.0,0.0
4,C8orf44-SGK3,44.41043,-1.4405663,0.0,0.0
4,RP11-567G24.1,44.40607,,0.0,0.0
4,Y_RNA_463,44.404877,,0.0,0.0
4,RNU1-88P,44.39769,-2.251174,0.0,0.0
4,AC108004.3,44.397266,,0.0,0.0
4,ZNF548,44.39298,-0.18453221,0.0,0.0
4,RP11-558F24.4,44.390717,-0.29420152,0.0,0.0
4,CYorf17,44.387787,,0.0,0.0
4,RP11-649E7.5,44.385162,-2.747162,0.0,0.0
4,SNORA68,44.38506,,0.0,0.0
4,DGUOK-AS1,44.38449,-0.08289796,0.0,0.0
4,RP11-576C2.1,44.38317,,0.0,0.0
4,SNORD3C,44.379524,0.09604102,0.0,0.0
4,CTC-325J23.3,44.377625,-0.8024248,0.0,0.0
4,CTD-2340E1.2,44.37076,,0.0,0.0
4,RP11-264B17.2,44.366856,-2.0333562,0.0,0.0
4,ZNF154,44.36168,-0.34881487,0.0,0.0
4,APLP1,44.36017,,0.0,0.0
4,RP11-78I14.1,44.357693,-2.7461817,0.0,0.0
4,RNA5SP370,44.353306,,0.0,0.0
4,POP1,44.352116,-1.8521699,0.0,0.0
4,AC098820.3,44.349983,-0.24577,0.0,0.0
4,RP11-587D21.1,44.34969,-0.8671627,0.0,0.0
4,RP11-1070N10.3,44.348766,-1.6274586,0.0,0.0
4,ZKSCAN7,44.346252,-1.6308413,0.0,0.0
4,PAQR5,44.33912,-3.3752444,0.0,0.0
4,RP11-157F20.3,44.334015,-2.017259,0.0,0.0
4,DMPK,44.331604,0.29129973,0.0,0.0
4,RP11-817J15.3,44.329754,,0.0,0.0
4,ITPR1-AS1,44.329662,-0.35116658,0.0,0.0
4,CRTAM,44.329098,-0.49868113,0.0,0.0
4,LINC00087,44.326496,-5.631266,0.0,0.0
4,MARK2P8,44.318165,-3.0365093,0.0,0.0
4,AC004878.8,44.31745,0.07578646,0.0,0.0
4,AF131215.5,44.310337,-0.70562613,0.0,0.0
4,SLC16A12,44.305317,,0.0,0.0
4,CCDC65,44.30245,-2.2792609,0.0,0.0
4,AC010525.6,44.300808,-0.6892316,0.0,0.0
4,CLEC4G,44.29951,,0.0,0.0
4,RNU6-360P,44.298443,-1.6585457,0.0,0.0
4,RNU6-97P,44.298084,-0.25193632,0.0,0.0
4,AC010761.13,44.29409,-1.2009287,0.0,0.0
4,GUCY2C,44.293053,,0.0,0.0
4,RP11-686G8.2,44.291836,-1.5945932,0.0,0.0
4,ZNF665,44.290836,0.420182,0.0,0.0
4,NPHP3-AS1,44.289288,,0.0,0.0
4,GSDMA,44.28619,-1.5863293,0.0,0.0
4,KIF5C,44.27936,-2.4711866,0.0,0.0
4,RP11-290L1.2,44.27894,-0.46080387,0.0,0.0
4,RP3-426I6.5,44.27699,,0.0,0.0
4,FAM106A,44.27523,-2.8309674,0.0,0.0
4,ANTXRL,44.270584,,0.0,0.0
4,SPAG6,44.262775,-0.23875703,0.0,0.0
4,RNU1-11P,44.26202,-1.9153883,0.0,0.0
4,ZNF575,44.259193,-2.715491,0.0,0.0
4,RP11-25I15.1,44.25346,,0.0,0.0
4,RP11-169D4.1,44.249073,-2.3896382,0.0,0.0
4,RP11-484D2.3,44.24489,,0.0,0.0
5,S100A12,30.916733,,7.117273648195626e-210,4.111862504772059e-205
5,TSPO,27.878843,,4.817152086495393e-171,1.3915066374654917e-166
5,S100A9,27.61945,,6.499233027184144e-168,1.251600632265032e-163
5,CST7,27.574825,,2.2305029935356967e-167,3.2215712361384453e-163
5,ALPL,27.021051,,8.363058584607616e-161,9.663179672170716e-157
5,NEAT1,26.690767,,6.024525755775694e-157,5.800915441473819e-153
5,MT-CO1,26.384855,,2.0445933429501054e-153,1.6874613028893775e-149
5,S100A8,26.360205,,3.9206043202738633e-153,2.831313417439774e-149
5,PLAC8,24.819841,,5.4752784686524225e-136,3.514702921882849e-132
5,FCER1G,24.180496,,3.568775891715669e-129,1.8743535417462666e-125
5,VNN2,24.017136,,1.8415972686254486e-127,8.86621658335817e-124
5,CD177,23.53418,,1.8230728068112326e-122,7.523170376278952e-119
5,MT-TC,21.841412,,9.381089604608976e-106,2.1678947589082976e-102
5,GAPDH,21.180315,,1.4505942646485397e-99,2.1488508320907715e-96
5,CD63,21.070578,,1.4811109871740702e-98,2.08702987956116e-95
5,STXBP2,20.78361,,6.090255497143629e-96,7.3302568924266435e-93
5,RP11-925D8.5,20.369015,,3.149518817997662e-92,3.1371922529686024e-89
5,CYSTM1,20.20294,,9.224022805134141e-91,8.19845337724638e-88
5,CD44,20.005022,,4.979667734406707e-89,3.940963616710666e-86
5,RN7SL368P,19.649078,,5.8872422533788845e-86,3.779151630049536e-83
5,NFKBIZ,19.450804,,2.8689799357629933e-84,1.609219202221703e-81
5,NFKBIA,18.975357,,2.7265345777429937e-80,1.1933339557571665e-77
5,ITGB2,18.516476,,1.5207402004020346e-76,5.1378785729723245e-74
5,C19orf59,18.268757,,1.467572775662231e-74,4.239304098416703e-72
5,TNFAIP3,18.181496,,7.233326299236854e-74,1.9805258781318047e-71
5,FKBP5,18.100286,,3.1701219230108734e-73,7.89428680422876e-71
5,PLAUR,18.035686,,1.0221797869819138e-72,2.4005850745246388e-70
5,CD55,18.032475,,1.0833377369837569e-72,2.5236964144662333e-70
5,SLC2A3,17.783577,,9.473945669254087e-71,1.782860792018946e-68
5,METTL9,17.44232,,3.937544870359879e-68,5.832917430648751e-66
5,GBP2,17.410973,,6.811574642271698e-68,9.81359356129583e-66
5,TLR2,17.246008,,1.1990171380420085e-66,1.4896949917441066e-64
5,S100A4,17.157948,,5.481751854098872e-66,6.185493161461995e-64
5,LINC00528,16.913065,,3.6046318221581775e-64,3.3108170788798787e-62
5,S100A6,16.87175,,7.26120564261709e-64,6.336882682642254e-62
5,TIMP1,16.810215,,2.0542673979726487e-63,1.6834211401854444e-61
5,CR1,16.677824,,1.9001425154773957e-62,1.3274115301895475e-60
5,ARNTL,16.642717,,3.4174899457180817e-62,2.311927946533615e-60
5,FPR1,16.608849,,6.013604830073603e-62,3.877499909016096e-60
5,AC079210.1,16.535257,,2.0450608847274056e-61,1.204376172205468e-59
5,RP1-229K20.5,16.506458,,3.296751425120158e-61,1.8839091996386434e-59
5,PKD1L2,16.489447,-3.2260118,4.369367891999857e-61,2.4248942480740416e-59
5,RP11-483P21.3,16.456774,-1.8545537,7.499298835424481e-61,3.924429271911038e-59
5,RP11-888D10.4,16.44549,-4.2009387,9.035177777876002e-61,4.611213125099207e-59
5,RN7SKP292,16.42401,,1.2877106166338233e-60,6.283353501248808e-59
5,ADAMTSL4-AS1,16.418962,,1.3994124104543677e-60,6.737354432431683e-59
5,RP11-44N11.1,16.418882,-1.0650295,1.4012427957661752e-60,6.740549545362135e-59
5,CTD-2369P2.8,16.394032,-4.4089317,2.109793016519766e-60,9.123433528697339e-59
5,MPPED2,16.390982,-0.8008352,2.2183520790037765e-60,9.466651390499333e-59
5,AC103801.1,16.383366,0.055485252,2.5143304262293403e-60,1.0398025176417158e-58
5,USP12-AS2,16.382065,0.05370206,2.5687610743496855e-60,1.0565173788046876e-58
5,PLEKHG6,16.381159,-0.3586627,2.6073089432553054e-60,1.0675553478291195e-58
5,RP11-198M15.1,16.380798,0.13262302,2.622744959844351e-60,1.0723555878633242e-58
5,RP11-192P3.5,16.380629,0.1826562,2.630136008045855e-60,1.0738575801613651e-58
5,RP11-354P11.4,16.380629,0.13229135,2.630136008045855e-60,1.0738575801613651e-58
5,AC079354.6,16.380074,0.08380083,2.654254986803556e-60,1.0806306714389314e-58
5,TUBA8,16.369566,0.09761807,3.1545954901600926e-60,1.2372738985269451e-58
5,NUTM2B,16.367214,0.054584075,3.2787876857942306e-60,1.2755919257332665e-58
5,RP11-707G14.7,16.366943,0.22345866,3.2934361098061135e-60,1.279699114939499e-58
5,RP11-7K24.3,16.366539,0.044823997,3.3154174047315647e-60,1.2855141592185013e-58
5,RN7SL533P,16.365253,0.099542975,3.3861872297014064e-60,1.3059425555509969e-58
5,LINC01122,16.363655,-0.98956656,3.4761736292027703e-60,1.3317571557024644e-58
5,RP11-758P17.2,16.363354,0.21528304,3.4934965490855853e-60,1.3354022685092425e-58
5,RP11-245C17.2,16.36052,0.23877677,3.659967392277259e-60,1.3847236159399745e-58
5,C1orf167,16.35816,0.24971533,3.804496321703445e-60,1.4283308347224365e-58
5,GNAT2,16.357988,0.15811293,3.8152028845628527e-60,1.4294145022688047e-58
5,RPL21P123,16.35222,,4.194198361292207e-60,1.557298315330864e-58
5,TMC5,16.351288,-1.5853269,4.258773883653314e-60,1.5751737745217855e-58
5,RP4-640H8.2,16.346199,0.14460425,4.6296767706608406e-60,1.6864458768687814e-58
5,AC004702.2,16.344948,0.04957911,4.725787173751683e-60,1.7192877984203778e-58
5,RN7SL775P,16.343369,0.15461272,4.8497213723471686e-60,1.757734961384021e-58
5,FBXO39,16.342472,0.040913314,4.921652248768478e-60,1.778227738387125e-58
5,RP11-347C12.10,16.340664,0.10107698,5.06975951917204e-60,1.8226211369080667e-58
5,C6orf222,16.337032,0.109419934,5.380899813231673e-60,1.918955092036009e-58
5,CATSPERG,16.336594,-1.7982589,5.419715198101751e-60,1.9304143411833073e-58
5,AC144450.2,16.333664,0.37824398,5.686488730176283e-60,2.0056502650090016e-58
5,AP001885.1,16.332512,0.17761137,5.794921627057681e-60,2.0376750283627718e-58
5,WDR96,16.331987,-0.92939925,5.844906102665584e-60,2.0540009748740803e-58
5,CKAP4,16.330732,,5.966342547701493e-60,2.0890515636870202e-58
5,RP11-517A5.7,16.329895,0.22770439,6.048762353381754e-60,2.1115114649058857e-58
5,RP11-65M17.3,16.328821,0.034131307,6.156279189977432e-60,2.1397613525453692e-58
5,RP11-1084A12.2,16.326212,0.19760896,6.425227671067035e-60,2.2121852100152312e-58
5,SORBS1,16.323744,0.16183276,6.690303285812864e-60,2.2938806630935704e-58
5,RP1-91J24.1,16.322788,0.08198341,6.795918691068034e-60,2.3218250179720494e-58
5,NPFFR1,16.32203,0.2952757,6.88104093240983e-60,2.3467436705319545e-58
5,PTCRA,16.321795,0.1578537,6.907445476668851e-60,2.3543589824400565e-58
5,ARHGAP31-AS1,16.321228,0.2001995,6.971991818856198e-60,2.3735585347718276e-58
5,LINC00623,16.320108,-0.814507,7.100950106782355e-60,2.4131952383478646e-58
5,GPX8,16.320013,0.20211461,7.112127526417932e-60,2.414979192911619e-58
5,CTD-3032J10.3,16.319178,0.12510398,7.210064369424169e-60,2.4459603571035968e-58
5,VWF,16.31635,0.33047003,7.551660759007137e-60,2.542436462879483e-58
5,RP11-398A8.1,16.31426,-0.09744533,7.814789871339606e-60,2.6157813165521615e-58
5,DNAJB5,16.313492,0.32880652,7.913704730522655e-60,2.641961242272714e-58
5,ERBB2,16.310707,0.601572,8.282842430467088e-60,2.7485620662571802e-58
5,SLC7A11,16.30921,,8.488284053766451e-60,2.807061446126212e-58
5,ALG1L2,16.308517,0.37380442,8.585123762612161e-60,2.8309837621997283e-58
5,C6orf132,16.308205,0.27024797,8.629236879350404e-60,2.8406661095767002e-58
5,TULP2,16.307539,0.29298767,8.723802994303125e-60,2.865265891926518e-58
5,MIR744,16.306633,0.09080054,8.854120320992002e-60,2.8998247919765924e-58
5,GLIS3,16.299908,-0.5271118,9.884198197976389e-60,3.204488117237317e-58
6,RPLP1,42.47286,,0.0,0.0
6,RPS8,41.13155,,0.0,0.0
6,RPL13,40.67021,,0.0,0.0
6,RPLP2,39.870293,,0.0,0.0
6,RPS19,39.35437,,0.0,0.0
6,RPL36,39.075325,,0.0,0.0
6,BPI,38.881073,,0.0,0.0
6,RPL8,37.89283,,0.0,0.0
6,RPS24,37.658142,,2.407228557471e-310,9.933772532198062e-307
6,RPS12,37.39904,,4.0499923127077905e-306,1.559868039213781e-302
6,NKG7,37.298138,,1.7591210430314932e-304,6.351856251191154e-301
6,CEACAM8,37.255108,,8.759015418215781e-304,2.9766741044504722e-300
6,RPL19,37.044243,,2.2230572168832946e-300,6.75961497847361e-297
6,RPL12,36.961967,,4.6787823691866263e-299,1.3515364690750948e-295
6,RPL32,36.945683,,8.544364167966108e-299,2.2484813066935667e-295
6,CD247,36.945625,,8.562233006293333e-299,2.2484813066935667e-295
6,TULP2,36.568787,,8.967088056813253e-293,1.7268519276875737e-289
6,RPS15,36.545174,,2.127359397531533e-292,3.6148216021643898e-289
6,AC073410.1,36.53537,,3.0446079290565758e-292,4.886003719038487e-289
6,PDK4,36.532467,,3.3858069502675257e-292,5.147584866784363e-289
6,RP11-7K24.3,36.507847,-4.254132,8.325893408631284e-292,5.795323372251267e-289
6,AC004702.2,36.50318,-2.5047789,9.873400314715419e-292,6.068254855128233e-289
6,FBXO39,36.50181,-4.173638,1.0380184159192297e-291,6.212263381022608e-289
6,RN7SL533P,36.50176,-2.7778456,1.0399842585529589e-291,6.212263381022608e-289
6,AC079354.6,36.500072,,1.1060352388391329e-291,6.440059158156522e-289
6,RP11-347C12.10,36.49881,-2.0677898,1.1582103889596998e-291,6.440059158156522e-289
6,RP11-192P3.5,36.498783,,1.1593065141991558e-291,6.440059158156522e-289
6,TUBA8,36.498432,-3.8217478,1.1742565504541394e-291,6.460983208513047e-289
6,RP11-65M17.3,36.494953,,1.3333958146611392e-291,6.8075474198245605e-289
6,LINC01122,36.49437,-0.6519094,1.3621350368335209e-291,6.843011085476783e-289
6,AP001885.1,36.491764,-0.75300246,1.4980274660402397e-291,7.272734520633846e-289
6,RP11-198M15.1,36.490112,-0.7818249,1.5912262238811985e-291,7.393299517029278e-289
6,RP11-245C17.2,36.48985,,1.606622384280301e-291,7.393299517029278e-289
6,AC007952.5,36.48959,,1.621888496744002e-291,7.393299517029278e-289
6,RP1-91J24.1,36.489532,,1.6252385000999053e-291,7.393299517029278e-289
6,RP11-1084A12.2,36.487602,-1.4068202,1.743947062969869e-291,7.750234897612173e-289
6,CTD-3032J10.3,36.48505,-3.928489,1.9142732625260786e-291,8.1907925733393395e-289
6,ARHGAP31-AS1,36.4826,-1.1131327,2.0932890062871798e-291,8.638256125730661e-289
6,GPX8,36.48072,-2.1054227,2.2422963301689373e-291,9.05903397782168e-289
6,RP11-944C7.1,36.475716,-4.7376175,2.691836073409226e-291,1.0367696364604747e-288
6,NPFFR1,36.474293,-1.5820222,2.8352520899363927e-291,1.070594895371864e-288
6,TMC5,36.473755,-2.1551301,2.891352799038964e-291,1.0846891250576498e-288
6,RP11-483P21.3,36.473225,-0.61176366,2.9480559889387915e-291,1.0966719744443803e-288
6,RN7SL206P,36.472588,,3.017257315771564e-291,1.110293037605545e-288
6,VWF,36.469616,-0.909487,3.3628608690347196e-291,1.191917552065907e-288
6,PLEKHG6,36.46916,-0.7160581,3.419388460911048e-291,1.2045629850744755e-288
6,RP11-354P11.4,36.46717,-0.6126157,3.676572444362019e-291,1.2795579507718489e-288
6,AC103801.1,36.465412,-3.6718483,3.920613651196542e-291,1.3168930957591734e-288
6,RP11-707G14.7,36.462585,-1.3878047,4.3463841977532486e-291,1.4348780243245623e-288
6,USP12-AS2,36.462585,-4.6185317,4.3463841977532486e-291,1.4348780243245623e-288
6,MPPED2,36.461056,,4.59599222652875e-291,1.4889933408564706e-288
6,AC144450.2,36.455738,-1.1338179,5.579769132325586e-291,1.7331182907626134e-288
6,RP11-758P17.2,36.448605,-1.9355798,7.238259255812594e-291,2.1444920614669794e-288
6,RETN,36.4479,,7.427798600153065e-291,2.1783056270387973e-288
6,RP11-632K5.3,36.445026,-4.022968,8.247479915490843e-291,2.3670355804965676e-288
6,POTEG,36.4443,-3.1630316,8.468513663133649e-291,2.398291371863825e-288
6,RP4-740C4.7,36.443806,,8.623343101707727e-291,2.4067458986229976e-288
6,AQP7P3,36.442574,-0.36743608,9.019419291287559e-291,2.493200529739503e-288
6,GDA,36.440823,-1.7137443,9.614385804436956e-291,2.6200561843383785e-288
6,TEK,36.440205,-2.1613007,9.83311073073406e-291,2.642271191845111e-288
6,C1orf167,36.437565,-1.6168791,1.0827442629920471e-290,2.804574787090165e-288
6,RP11-462G12.1,36.43748,-0.5283431,1.086095812749685e-290,2.804574787090165e-288
6,RN7SL419P,36.43702,,1.1045258382760207e-290,2.8235297015363074e-288
6,NAPSA,36.434498,,1.2107892265434633e-290,2.964022287504047e-288
6,RP11-95H8.5,36.430275,-1.6060998,1.4123678808410676e-290,3.347861864599725e-288
6,RN7SL602P,36.430008,-2.2995675,1.426255805332443e-290,3.363227618019233e-288
6,RP11-459O1.2,36.424675,-0.8896822,1.7321534680924123e-290,3.986920410840754e-288
6,NUTM2B,36.423744,,1.7920317951912807e-290,4.108375115221661e-288
6,GNAT2,36.416367,-2.0099592,2.3449842714914763e-290,4.908578852060763e-288
6,AL590867.1,36.411865,-0.8002273,2.763010248205114e-290,5.524386938705024e-288
6,LINC00623,36.407207,-0.9328523,3.2739723914976636e-290,6.325993544280753e-288
6,PTCRA,36.40643,,3.367973003006949e-290,6.464382202748188e-288
6,RP4-640H8.2,36.39736,-4.437261,4.686503397398151e-290,8.568144328414031e-288
6,GLIS3,36.395275,-0.19833444,5.0564515953955475e-290,9.072247764620713e-288
6,RN7SL775P,36.39441,-2.169527,5.218558608419475e-290,9.305302051982048e-288
6,PKD1L2,36.39108,-2.8475115,5.891235686129337e-290,1.0335014020996477e-287
6,ALG1L2,36.38758,,6.691727525498646e-290,1.1471844935627101e-287
6,C6orf222,36.385544,-3.8847425,7.207450743325327e-290,1.2175323151875265e-287
6,RP11-517A5.7,36.38411,,7.593080910770695e-290,1.2715219230665373e-287
6,CHRM3,36.376717,,9.938221667342917e-290,1.6051765179682085e-287
6,SELP,36.3751,,1.0541859441337475e-289,1.6917634597344164e-287
6,AC006129.1,36.3691,-3.2450593,1.3114394450618218e-289,2.0644629716500444e-287
6,ERBB2,36.367264,,1.4020871992962643e-289,2.1892644260795425e-287
6,AC007192.6,36.36708,-1.4978554,1.4114894033347697e-289,2.198004778945004e-287
6,ADARB2,36.36574,-2.3438644,1.4818834449034601e-289,2.30142075974214e-287
6,SORBS1,36.36439,-0.62942135,1.5565854053990977e-289,2.4045082520353497e-287
6,AC106900.6,36.360966,,1.7630867417485555e-289,2.6946775219851666e-287
6,RNF175,36.360573,-0.7753563,1.7886457286149377e-289,2.719353412612389e-287
6,C6orf132,36.356094,-2.744547,2.105163753566831e-289,3.1590032606445856e-287
6,IL32,36.35526,,2.1701625034949044e-289,3.2397105507599766e-287
6,CTD-2526A2.2,36.354126,-1.3400674,2.2614421120253494e-289,3.3500075676420645e-287
6,CTD-2105E13.13,36.351025,-0.8523585,2.5317002113472743e-289,3.702883957219395e-287
6,MIR744,36.3487,,2.754778297117257e-289,3.949176341423208e-287
6,MARCKSL1P2,36.347496,-2.0696418,2.8782573667206075e-289,4.08564036480466e-287
6,DNAJB5,36.346054,-2.2750123,3.0331305272142227e-289,4.2635778576337544e-287
6,Y_RNA_386,36.34595,-2.7525954,3.044580849160759e-289,4.2692856650137025e-287
6,CMPK2,36.344646,,3.19277421504058e-289,4.455462432984044e-287
6,CCDC64B,36.342087,-0.95318013,3.5042257190928417e-289,4.777209189095827e-287
6,FBXO32,36.34049,,3.7136794565642622e-289,5.0245996075898624e-287
6,HLA-F-AS1,36.339504,,3.849328199545234e-289,5.171796234240158e-287
7,B2M,21.880468,,3.9873268142968756e-106,2.303598320423734e-101
7,APOL6,20.848156,,1.5841330592092566e-96,4.5760059614848195e-92
7,TXNIP,18.68212,,6.921633491109282e-78,1.3329451056061886e-73
7,HLA-B,18.208202,,4.442971361665455e-74,6.417094611937459e-70
7,FCGR3B,18.16618,,9.562821458956366e-74,1.1049457682965723e-69
7,IFI44,17.707752,,3.653697529448937e-70,3.5180844561475577e-66
7,IFI44L,17.085802,,1.893217891895119e-65,1.56252681812081e-61
7,IRF1,16.978952,,1.1756535332788626e-64,5.541288082924796e-61
7,LAP3,16.888695,,5.4494718038785385e-64,5.541288082924796e-61
7,OBSCN,16.885654,,5.737577735723231e-64,5.541288082924796e-61
7,KYNU,16.879986,,6.316090271786733e-64,5.541288082924796e-61
7,AC012487.2,16.868427,,7.681515880388898e-64,5.541288082924796e-61
7,EXD1,16.850817,,1.0347623593738542e-63,5.541288082924796e-61
7,RP11-982M15.2,16.844765,,1.1462455819557618e-63,5.541288082924796e-61
7,RP1-315G1.3,16.841478,,1.2117134769413792e-63,5.541288082924796e-61
7,AGBL3,16.835495,,1.3406472874684702e-63,5.541288082924796e-61
7,SVILP1,16.835245,,1.3462958715577654e-63,5.541288082924796e-61
7,RP11-1149M10.2,16.833874,,1.3778554994384878e-63,5.541288082924796e-61
7,RP11-362K14.5,16.828438,-1.221027,1.510340363337584e-63,5.541288082924796e-61
7,SNORD1B,16.821014,,1.7120198369401765e-63,5.541288082924796e-61
7,GS1-44D20.1,16.819838,,1.7463572448082198e-63,5.541288082924796e-61
7,DNAH12,16.818382,,1.789818427490913e-63,5.541288082924796e-61
7,CTD-2037K23.2,16.80701,,2.1683642099552975e-63,5.541288082924796e-61
7,LRRC39,16.805737,-3.2041066,2.2154076893772577e-63,5.541288082924796e-61
7,CTF1,16.804867,,2.2481912570112747e-63,5.541288082924796e-61
7,PSMA6P1,16.804522,-1.629806,2.2613102250872652e-63,5.541288082924796e-61
7,AC105020.1,16.800303,,2.4280555852188766e-63,5.541288082924796e-61
7,CDC42EP1,16.800303,,2.4280555852188766e-63,5.541288082924796e-61
7,RP11-1012E15.1,16.80028,,2.4289819050331126e-63,5.541288082924796e-61
7,AC138031.1,16.80021,-1.6889464,2.431762977957226e-63,5.541288082924796e-61
7,RN7SKP211,16.80016,,2.433850864750416e-63,5.541288082924796e-61
7,HMGB2P1,16.80016,,2.433850864750416e-63,5.541288082924796e-61
7,RNU2-50P,16.79986,,2.446182482662077e-63,5.541288082924796e-61
7,ZNF157,16.799805,,2.4485161754170406e-63,5.541288082924796e-61
7,ASZ1,16.799696,-5.302121,2.452956305528416e-63,5.541288082924796e-61
7,C4A,16.799635,,2.455530573465974e-63,5.541288082924796e-61
7,RP11-154P18.2,16.799635,,2.455530573465974e-63,5.541288082924796e-61
7,CTD-2349P21.5,16.799606,,2.456701585036635e-63,5.541288082924796e-61
7,RP11-212D19.4,16.799335,-1.0031428,2.467971648372253e-63,5.541288082924796e-61
7,AC002115.9,16.799335,-1.0031428,2.467971648372253e-63,5.541288082924796e-61
7,MTRNR2L6,16.799295,,2.469619498139383e-63,5.541288082924796e-61
7,SNORA43,16.799114,-0.31716883,2.477166498974156e-63,5.541288082924796e-61
7,OAS2,16.79888,,2.486988254943873e-63,5.541288082924796e-61
7,AC087645.1,16.798504,,2.5028077069019047e-63,5.541288082924796e-61
7,GOT2P2,16.798504,,2.5028077069019047e-63,5.541288082924796e-61
7,AC009495.4,16.798424,-4.3496795,2.5061508735337135e-63,5.541288082924796e-61
7,GPD1,16.798424,-4.3496795,2.5061508735337135e-63,5.541288082924796e-61
7,ZNF839P1,16.798424,-4.3496795,2.5061508735337135e-63,5.541288082924796e-61
7,RP11-342M1.3,16.798424,-4.3496795,2.5061508735337135e-63,5.541288082924796e-61
7,ANO9,16.79788,,2.5291956334483787e-63,5.541288082924796e-61
7,HSPA8P15,16.79788,,2.5291956334483787e-63,5.541288082924796e-61
7,HNRNPA1P3,16.797123,-3.4374194,2.5617157696325857e-63,5.541288082924796e-61
7,ACSBG1,16.796858,,2.573220514001397e-63,5.541288082924796e-61
7,AC072062.1,16.796858,,2.573220514001397e-63,5.541288082924796e-61
7,CHKB-AS1,16.79676,,2.577394471756291e-63,5.541288082924796e-61
7,Y_RNA_27,16.796501,,2.588722568201278e-63,5.541288082924796e-61
7,RP11-466F5.3,16.796455,-0.51498866,2.5906977303781525e-63,5.541288082924796e-61
7,TNNC1,16.796427,-4.2300344,2.591932969265366e-63,5.541288082924796e-61
7,GOLGA8G,16.796427,-4.2300344,2.591932969265366e-63,5.541288082924796e-61
7,RNU6-16P,16.79611,-1.2816087,2.605807805902674e-63,5.541288082924796e-61
7,AC007009.1,16.79601,-1.2480705,2.6102832739193036e-63,5.541288082924796e-61
7,RPL18AP16,16.79588,,2.616013075858955e-63,5.541288082924796e-61
7,RP11-772E11.1,16.795834,,2.6180089868959194e-63,5.541288082924796e-61
7,RNF138P1,16.795776,,2.620506009745059e-63,5.541288082924796e-61
7,RP5-916O11.2,16.795753,,2.6215054832732775e-63,5.541288082924796e-61
7,CTC-365E16.1,16.795664,,2.6255071774874755e-63,5.541288082924796e-61
7,RP11-96L14.7,16.795647,,2.6262581725371575e-63,5.541288082924796e-61
7,RNA5SP344,16.79542,,2.636291918337976e-63,5.541288082924796e-61
7,RPL21P8,16.795382,-0.7229955,2.638051747141005e-63,5.541288082924796e-61
7,RP11-73B2.6,16.795364,,2.6388063177963805e-63,5.541288082924796e-61
7,FXYD7,16.795364,,2.6388063177963805e-63,5.541288082924796e-61
7,RP11-184I16.4,16.795336,,2.640064413530165e-63,5.541288082924796e-61
7,RPL21P32,16.795267,,2.6430862825001224e-63,5.541288082924796e-61
7,KB-318B8.7,16.795183,,2.6468684661529543e-63,5.541288082924796e-61
7,PODXL,16.795076,-2.5071557,2.651666975310435e-63,5.541288082924796e-61
7,CLECL1,16.794939,,2.657740642633473e-63,5.541288082924796e-61
7,MYO5B,16.794918,-1.5333935,2.658754267449458e-63,5.541288082924796e-61
7,AC000081.2,16.794907,,2.659261224308019e-63,5.541288082924796e-61
7,DNAJC19P3,16.79468,,2.669420613920737e-63,5.541288082924796e-61
7,USP13,16.794271,,2.6878050774415266e-63,5.541288082924796e-61
7,RPSAP4,16.794268,-1.2584125,2.68806130355592e-63,5.541288082924796e-61
7,DDX18P1,16.794262,,2.6883175540103134e-63,5.541288082924796e-61
7,DOCK3,16.793966,,2.7016761755268665e-63,5.541288082924796e-61
7,BCAS1,16.793747,,2.7117385326693424e-63,5.541288082924796e-61
7,AD000090.2,16.79324,,2.7349717667301296e-63,5.541288082924796e-61
7,ITLN1,16.79314,,2.7395377086048466e-63,5.541288082924796e-61
7,RP11-368I7.4,16.79314,,2.7395377086048466e-63,5.541288082924796e-61
7,AVPR2,16.79314,,2.7395377086048466e-63,5.541288082924796e-61
7,PTGDR2,16.79314,,2.7395377086048466e-63,5.541288082924796e-61
7,ABLIM2,16.79314,,2.7395377086048466e-63,5.541288082924796e-61
7,KRT18P59,16.793028,,2.7447652297164954e-63,5.541288082924796e-61
7,PCGF7P,16.792994,,2.7463354234865486e-63,5.541288082924796e-61
7,GAPDHP71,16.792994,,2.7463354234865486e-63,5.541288082924796e-61
7,MIR548AL,16.79278,,2.7563007913544065e-63,5.541288082924796e-61
7,CTD-2135D7.2,16.792507,-1.0966212,2.768940145009037e-63,5.541288082924796e-61
7,AC012066.1,16.792355,,2.7760751452211286e-63,5.541288082924796e-61
7,RPS15AP9,16.792355,,2.7760751452211286e-63,5.541288082924796e-61
7,CTD-3096M3.2,16.792355,,2.7760751452211286e-63,5.541288082924796e-61
7,LINC00379,16.792355,,2.7760751452211286e-63,5.541288082924796e-61
7,RP11-435F17.1,16.792355,,2.7760751452211286e-63,5.541288082924796e-61
8,WDR83,28.510689,,8.634168440707911e-179,4.988218133250182e-174
8,AL132709.5,25.241112,,1.4179948298021804e-140,4.096090765108069e-136
8,RP11-539G18.2,11.314626,,1.1107528990034263e-29,1.2432519707841306e-25
8,SAMD11P1,11.215723,,3.413846915568272e-29,1.2432519707841306e-25
8,RP11-661A12.7,11.189458,,4.592323898494454e-29,1.2432519707841306e-25
8,C11orf49,11.174915,,5.410195838068813e-29,1.2432519707841306e-25
8,RP1-102G20.2,11.171733,,5.60758760944049e-29,1.2432519707841306e-25
8,CTD-2110K23.1,11.167806,,5.861069484590918e-29,1.2432519707841306e-25
8,RP11-640M9.1,11.143148,-1.4978813,7.733578831769596e-29,1.2432519707841306e-25
8,CTD-3236F5.1,11.13859,-1.5927688,8.139757930860362e-29,1.2432519707841306e-25
8,SNAP47,11.132668,,8.69921180268585e-29,1.2432519707841306e-25
8,SNORA20,11.130029,,8.960652579162867e-29,1.2432519707841306e-25
8,AC093382.1,11.122061,,9.798210166638152e-29,1.2432519707841306e-25
8,TSPAN18,11.120112,,1.0014614489585123e-28,1.2432519707841306e-25
8,RP11-727F15.13,11.101744,,1.2302063933897775e-28,1.2432519707841306e-25
8,TMEM117,11.085142,,1.481146512933385e-28,1.2432519707841306e-25
8,AP000322.53,11.084983,,1.4837960407840394e-28,1.2432519707841306e-25
8,RP11-8H2.1,11.08209,,1.5325157940786422e-28,1.2432519707841306e-25
8,SPRED1,11.071075,,1.7330836111745532e-28,1.2432519707841306e-25
8,EPHA4,11.04973,,2.1987349563233537e-28,1.2432519707841306e-25
8,RP11-82O19.2,11.048649,,2.2253874668817145e-28,1.2432519707841306e-25
8,TIMM10B_2,11.039422,-1.6841584,2.4661318164736633e-28,1.2432519707841306e-25
8,RP11-1006G14.2,11.039279,,2.4700625481453123e-28,1.2432519707841306e-25
8,RP1-102K2.6,11.039271,,2.4702939611027053e-28,1.2432519707841306e-25
8,AC005356.1,11.039195,-0.5284408,2.472377645758464e-28,1.2432519707841306e-25
8,RP3-417L20.4,11.039111,,2.474694895825912e-28,1.2432519707841306e-25
8,RNU6-433P,11.038951,-2.9285052,2.4791036080758197e-28,1.2432519707841306e-25
8,RP11-332J15.3,11.038951,-2.9285052,2.4791036080758197e-28,1.2432519707841306e-25
8,RAB30,11.038855,,2.481775823272839e-28,1.2432519707841306e-25
8,RP11-295P9.8,11.038236,,2.4989223813907276e-28,1.2432519707841306e-25
8,LIPM,11.038135,,2.501732957123634e-28,1.2432519707841306e-25
8,RP11-463C8.5,11.037722,-0.32691178,2.5132420559032785e-28,1.2432519707841306e-25
8,RP11-85O21.2,11.037604,-2.519563,2.5165400061423896e-28,1.2432519707841306e-25
8,LAMC3,11.037352,-0.9131978,2.5236215052987526e-28,1.2432519707841306e-25
8,CNN2P4,11.037326,-3.7509668,2.5243307415012025e-28,1.2432519707841306e-25
8,RP11-79P5.9,11.0372505,,2.5264596366783627e-28,1.2432519707841306e-25
8,RP11-118D22.3,11.036982,,2.5340434758776157e-28,1.2432519707841306e-25
8,GS1-600G8.3,11.036982,,2.5340434758776157e-28,1.2432519707841306e-25
8,CTD-2561B21.5,11.036551,-0.6287043,2.5461769212907784e-28,1.2432519707841306e-25
8,LINC01073,11.036443,,2.5492789666805592e-28,1.2432519707841306e-25
8,ACTBP9,11.036443,,2.5492789666805592e-28,1.2432519707841306e-25
8,RP11-316O14.1,11.036342,-2.0633564,2.552145720552107e-28,1.2432519707841306e-25
8,KB-1125A3.11,11.036333,,2.5523847610087915e-28,1.2432519707841306e-25
8,RNU6-1294P,11.035878,,2.5653259807605416e-28,1.2432519707841306e-25
8,MST1P2,11.035315,-1.7568132,2.5814731916022002e-28,1.2432519707841306e-25
8,CTD-3064C13.1,11.03491,-5.1579285,2.593103292523543e-28,1.2432519707841306e-25
8,C11orf91,11.034574,-0.56492394,2.6028347360177356e-28,1.2432519707841306e-25
8,TPI1P2,11.034371,-0.60761636,2.6086909822432983e-28,1.2432519707841306e-25
8,RP5-1028K7.2,11.034304,0.14039274,2.6106459674170307e-28,1.2432519707841306e-25
8,TMEM98,11.0339,0.041724358,2.6224064359875706e-28,1.2432519707841306e-25
8,RPS20P20,11.0338745,-0.6003814,2.623143207750875e-28,1.2432519707841306e-25
8,CTB-1048E9.7,11.033698,,2.628306362722529e-28,1.2432519707841306e-25
8,RP11-60E8.2,11.033665,-0.5369663,2.629290963188796e-28,1.2432519707841306e-25
8,CTD-3220F14.1,11.032638,-0.93518955,2.659497678583328e-28,1.2432519707841306e-25
8,AC005789.11,11.032495,-1.1195033,2.6637340469708725e-28,1.2432519707841306e-25
8,RP11-927P21.8,11.032115,,2.6749803028882508e-28,1.2432519707841306e-25
8,HSPE1P27,11.0314,-1.3750238,2.696351893778975e-28,1.2432519707841306e-25
8,AC105760.3,11.031299,-0.5862819,2.699382672037796e-28,1.2432519707841306e-25
8,SNAP23P,11.02938,-3.196394,2.757613810033994e-28,1.2432519707841306e-25
8,Y_RNA_661,11.028285,-0.9380308,2.7913717889336154e-28,1.2432519707841306e-25
8,SCG2,11.027822,-3.3643076,2.805777120445402e-28,1.2432519707841306e-25
8,PPP1R8P1,11.02735,0.10300831,2.8205201339367183e-28,1.2432519707841306e-25
8,CTD-2623N2.11,11.027005,-3.2293956,2.83136282827246e-28,1.2432519707841306e-25
8,LINC00960,11.0268955,-1.0712347,2.834809381492315e-28,1.2432519707841306e-25
8,RP11-90E9.1,11.026508,-1.7641075,2.847038327976925e-28,1.2432519707841306e-25
8,RP11-231L11.3,11.02618,-1.0402279,2.8574473288022275e-28,1.2432519707841306e-25
8,RP5-1163L11.2,11.025743,-0.5095435,2.8713847413683842e-28,1.2432519707841306e-25
8,RP11-174F8.1,11.025507,-0.8205165,2.878917411890868e-28,1.2432519707841306e-25
8,CTD-2184C24.2,11.024775,-1.2941908,2.90244779601742e-28,1.2432519707841306e-25
8,RPL34P1,11.024606,0.14456734,2.907883991917085e-28,1.2432519707841306e-25
8,LINC00886,11.02453,-2.4105856,2.910333574049247e-28,1.2432519707841306e-25
8,CMP21-97G8.2,11.023529,,2.9429156059346004e-28,1.2432519707841306e-25
8,ARL6IP1P3,11.02336,-2.7618587,2.9484269831671513e-28,1.2432519707841306e-25
8,GATSL3,11.023343,-3.7376528,2.9489786836921567e-28,1.2432519707841306e-25
8,Y_RNA_57,11.023116,,2.956436671159434e-28,1.2432519707841306e-25
8,RP11-109D20.1,11.022392,-1.5408937,2.9803166720369976e-28,1.2432519707841306e-25
8,RP11-35G22.1,11.021761,,3.001298382429374e-28,1.2432519707841306e-25
8,AC005775.2,11.021626,,3.00579340898074e-28,1.2432519707841306e-25
8,ANG,11.0215,-0.41447598,3.010013561157485e-28,1.2432519707841306e-25
8,SRSF12,11.020422,-0.25784314,3.046265425318756e-28,1.2432519707841306e-25
8,LL21NC02-1C16.1,11.020329,-1.2017533,3.0494009544044443e-28,1.2432519707841306e-25
8,KCNE1L,11.0203,,3.050399293971474e-28,1.2432519707841306e-25
8,RP11-498P14.5,11.020228,,3.0528251829279925e-28,1.2432519707841306e-25
8,KIAA1462,11.020204,-3.5754187,3.0536818358607635e-28,1.2432519707841306e-25
8,MRPL30_2,11.019403,-0.93427354,3.0809328603392384e-28,1.2432519707841306e-25
8,KIAA1755,11.019294,,3.084680663383396e-28,1.2432519707841306e-25
8,ABCA11P,11.019227,0.16939513,3.086989251153443e-28,1.2432519707841306e-25
8,BMPR1A,11.019075,-3.0130274,3.09218984184073e-28,1.2432519707841306e-25
8,RP11-173A6.2,11.018756,-4.175279,3.1031974242114343e-28,1.2432519707841306e-25
8,RP11-114H21.2,11.0182,,3.122408316457902e-28,1.2432519707841306e-25
8,SNX32,11.017897,-2.248502,3.1329366604639945e-28,1.2432519707841306e-25
8,CTC-506B8.1,11.017527,-0.022205641,3.1458524693200343e-28,1.2432519707841306e-25
8,AP000695.1,11.017492,,3.1470292495530213e-28,1.2432519707841306e-25
8,SNORA31_27,11.017021,0.061246574,3.1635500953833766e-28,1.2432519707841306e-25
8,FAM207BP,11.014513,-0.66907215,3.25292234954556e-28,1.2432519707841306e-25
8,FCRL3,11.013831,-0.8948169,3.2776447216472822e-28,1.2432519707841306e-25
8,KRT8P26,11.013696,,3.282550151823618e-28,1.2432519707841306e-25
8,snoU13_449,11.013696,,3.282550151823618e-28,1.2432519707841306e-25
8,LLNLR-246C6.1,11.01362,-0.686431,3.2853126559082466e-28,1.2432519707841306e-25
8,BX649553.4,11.012576,-0.7902113,3.323609422008855e-28,1.2432519707841306e-25
